create database preprova
use preprova

create table produto(
	chave_produto int not null,
	descricao varchar(30) not null,
	preco decimal(10,2) not null
	constraint pk_produto primary key(chave_produto)
)

create table compra(
	chave_compra int not null,
	codigo_nota varchar(30) not null,
	data date not null,
	cliente int,
	constraint pk_compra primary key(chave_compra)
)

create table cliente(
	chave_cliente int not null,
	nome varchar(50) not null,
	pin varchar(6) default '123456',
	cpf varchar(11) not null,
	constraint pk_cliente primary key(chave_cliente),
	constraint unique_cpf unique(cpf)
)

create table itens_compra(
	compra int not null,
	produto int not null,
	quantidade decimal(5,1) default 0,
	constraint pk_itens_compra primary key(compra,produto)
)


alter table compra add constraint fk_compra_cliente foreign key(cliente) references cliente(chave_cliente)
alter table itens_compra add constraint fk_itenscompra_compra foreign key(compra) references compra(chave_compra)
alter table itens_compra add constraint fk_itenscompra_produto foreign key(produto) references produto(chave_produto)

insert into produto values (1,'Pao',0.5), (2,'Coca-Cola',2),(3,'Bala',0.1),(4,'Queijo Frescal',6),(5,'Brahma',4),(6,'Lapis',2)
insert into cliente values (1,'Rodrigo','999999','1234543221'),(2,'Paulo','888888','191919191'),(3,'Jose','000000','0101010101')
insert into compra  values (1,'ASDAS1231','01-02-2001',3),(2,'AABBCC11','01-02-2001',3),(3,'LLLAAAL21','01-03-2001',1),(4,'QQWWQQ','02-02-2010',2)
insert into itens_compra values (1,1,1),(1,2,2),(1,3,4),(2,1,10),(2,3,10),(2,5,3),(3,1,100),(3,4,10),(4,1,100),(4,2,100),(4,5,200)


--1)Faça uma view que mostre a quantidade de compras feitas por cada cliente

create view QTD_compras as select count (quantidade) as Quantidade, nome as Nome from itens_compra p
join compra r on p.compra = r.chave_compra and p.compra = p.compra
join cliente e on r.chave_compra = e.chave_cliente and r.chave_compra = e.chave_cliente
group by quantidade, nome

select distinct * from QTD_compras

--2)Faça uma view que retorne os 3 produtos mais caros, ordenados do mais caro para o mais barato

create view prod_caros as select preco as Valor from produto
select top 3 * from prod_caros order by valor desc

--3)Faça uma função que dado um id de compra, recebido por parâmetro, retorne o nome dos produtos e a quantidade que foram comprados

create function COP_retorno (@compra decimal) 
returns table 
as return 
(select descricao as Descrição, count (quantidade) as Quantidade from itens_compra
join produto on produto = chave_produto
group by descricao, quantidade)

select distinct Descrição, Quantidade from COP_retorno(null)

--4)Faça uma função que dado um id de compra, recebido por parâmetro,  retorne a quantidade de produtos que foram comprados

create function compras_compra (@chave_compra decimal)
returns table
as return (select quantidade as QUANTIDADE, descricao as DESCRIÇÃO from itens_compra
join produto on chave_produto = produto)

select Quantidade as QUANTIDADE from compras_compra(null)
select * from compras_compra(null)

--5)crie um novo atributo na tabela cliente 
 -- RG Varchar(20) 

  alter table cliente add RG varchar (20)
  select * from cliente

 --faça um procedimento que mostre o nome e o preço total dos produtos comprados em cada compra, bem como o valor total da compra. O layout deve ficar
 --como o exemplo abaixo:

--Coca-Cola   2.0
--Pao         1.0
--
--Total       3.0
----------------------------------------
--Coca-Cola   5.0
--Brahma      100.0
--
--Total       105.0

 create view table1 as select descricao as Descrição, preco as Preço from itens_compra
 join produto on produto = chave_produto
 join compra on compra = chave_compra

 select  Descrição [COMPRA REALIZADA], Preço [PREÇO UNITÁRIO],
    SUM(Preço) [VALOR TOTAL]
FROM
   table1
  GROUP BY 
  Preço, Descrição
  ORDER BY 
  Preço, Descrição